url_length,domain_length,subdomain_length,tld_length,path_length,query_length,num_dots,num_hyphens,num_slashes,num_question,num_equals,num_at,num_percent,num_digits,has_https,kw_login,kw_secure,kw_update,kw_verify,kw_payment,kw_account,label,original_url,source
3.5263605246161616,2.302585092994046,1.791759469228055,1.3862943611198906,1.9459101490553132,0.0,1.0986122886681098,0.0,1.3862943611198906,0.0,0.0,0.0,0.0,0.0,1.0,1.0,0.0,0.0,0.0,0.0,0.0,0,https://azure.microsoft.com/login,legitimate
3.367295829986474,1.9459101490553132,2.302585092994046,1.3862943611198906,0.0,0.0,1.3862943611198906,0.0,1.0986122886681098,0.0,0.0,0.0,0.0,0.0,1.0,0.0,0.0,0.0,0.0,0.0,0.0,0,https://www.cloud.google.com,legitimate
3.2188758248682006,1.6094379124341003,0.0,1.3862943611198906,2.1972245773362196,0.0,0.6931471805599453,0.0,1.3862943611198906,0.0,0.0,0.0,0.0,0.0,1.0,0.0,0.0,0.0,0.0,0.0,1.0,0,https://bing.com/account,legitimate
3.2188758248682006,1.9459101490553132,0.0,1.3862943611198906,1.9459101490553132,0.0,0.6931471805599453,0.0,1.3862943611198906,0.0,0.0,0.0,0.0,0.0,1.0,1.0,0.0,0.0,0.0,0.0,0.0,0,https://docker.com/login,legitimate
3.4339872044851463,1.9459101490553132,1.3862943611198906,1.3862943611198906,2.1972245773362196,0.0,1.0986122886681098,0.0,1.3862943611198906,0.0,0.0,0.0,0.0,0.0,1.0,0.0,0.0,0.0,0.0,0.0,0.0,0,https://www.github.com/contact,legitimate
3.4657359027997265,2.0794415416798357,1.3862943611198906,1.3862943611198906,2.1972245773362196,0.0,1.0986122886681098,0.0,1.3862943611198906,0.0,0.0,0.0,0.0,0.0,1.0,0.0,0.0,0.0,0.0,0.0,0.0,0,https://www.netflix.com/contact,legitimate
3.367295829986474,1.9459101490553132,1.3862943611198906,1.3862943611198906,1.9459101490553132,0.0,1.0986122886681098,0.0,1.3862943611198906,0.0,0.0,0.0,0.0,0.0,1.0,0.0,0.0,0.0,0.0,0.0,0.0,0,https://www.docker.com/about,legitimate
3.295836866004329,2.1972245773362196,0.0,1.3862943611198906,1.9459101490553132,0.0,0.6931471805599453,0.0,1.3862943611198906,0.0,0.0,0.0,0.0,0.0,1.0,1.0,0.0,0.0,0.0,0.0,0.0,0,https://linkedin.com/login,legitimate
3.4657359027997265,2.302585092994046,2.302585092994046,1.3862943611198906,0.0,0.0,1.3862943611198906,0.0,1.0986122886681098,0.0,0.0,0.0,0.0,0.0,1.0,0.0,0.0,0.0,0.0,0.0,0.0,0,https://www.azure.microsoft.com,legitimate
3.2188758248682006,1.6094379124341003,0.0,1.3862943611198906,2.1972245773362196,0.0,0.6931471805599453,0.0,1.3862943611198906,0.0,0.0,0.0,0.0,0.0,1.0,0.0,0.0,0.0,0.0,0.0,0.0,0,https://bing.com/profile,legitimate
3.4657359027997265,2.0794415416798357,1.3862943611198906,1.3862943611198906,2.1972245773362196,0.0,1.0986122886681098,0.0,1.3862943611198906,0.0,0.0,0.0,0.0,0.0,1.0,0.0,0.0,0.0,0.0,0.0,0.0,0,https://www.mozilla.org/contact,legitimate
3.4657359027997265,2.302585092994046,1.3862943611198906,1.3862943611198906,1.9459101490553132,0.0,1.0986122886681098,0.0,1.3862943611198906,0.0,0.0,0.0,0.0,0.0,1.0,0.0,0.0,0.0,0.0,0.0,0.0,0,https://www.wikipedia.org/about,legitimate
3.4657359027997265,2.3978952727983707,1.3862943611198906,1.0986122886681098,1.9459101490553132,0.0,1.0986122886681098,0.0,1.3862943611198906,0.0,0.0,0.0,0.0,0.0,1.0,0.0,0.0,0.0,0.0,0.0,0.0,0,https://www.kubernetes.io/about,legitimate
3.2188758248682006,1.9459101490553132,0.0,1.3862943611198906,1.9459101490553132,0.0,0.6931471805599453,0.0,1.3862943611198906,0.0,0.0,0.0,0.0,0.0,1.0,1.0,0.0,0.0,0.0,0.0,0.0,0,https://github.com/login,legitimate
3.332204510175204,2.0794415416798357,0.0,1.3862943611198906,2.1972245773362196,0.0,0.6931471805599453,0.0,1.3862943611198906,0.0,0.0,0.0,0.0,0.0,1.0,0.0,0.0,0.0,0.0,0.0,0.0,0,https://twitter.com/profile,legitimate
2.9444389791664403,1.9459101490553132,0.0,1.3862943611198906,0.0,0.0,0.6931471805599453,0.0,1.0986122886681098,0.0,0.0,0.0,0.0,0.0,1.0,0.0,0.0,0.0,0.0,0.0,0.0,0,https://docker.com,legitimate
3.295836866004329,1.791759469228055,0.0,1.3862943611198906,2.302585092994046,0.0,0.6931471805599453,0.0,1.3862943611198906,0.0,0.0,0.0,0.0,0.0,1.0,0.0,0.0,0.0,0.0,0.0,0.0,0,https://npmjs.com/settings,legitimate
3.5263605246161616,2.6390573296152584,0.0,1.3862943611198906,2.1972245773362196,0.0,0.6931471805599453,0.0,1.3862943611198906,0.0,0.0,0.0,0.0,0.0,1.0,0.0,0.0,0.0,0.0,0.0,1.0,0,https://stackoverflow.com/account,legitimate
3.332204510175204,2.0794415416798357,0.0,1.3862943611198906,2.1972245773362196,0.0,0.6931471805599453,0.0,1.3862943611198906,0.0,0.0,0.0,0.0,0.0,1.0,0.0,0.0,0.0,0.0,0.0,1.0,0,https://mozilla.org/account,legitimate
3.332204510175204,2.0794415416798357,0.0,1.3862943611198906,2.1972245773362196,0.0,0.6931471805599453,0.0,1.3862943611198906,0.0,0.0,0.0,0.0,0.0,1.0,0.0,0.0,0.0,0.0,0.0,1.0,0,https://twitter.com/account,legitimate
3.4011973816621555,2.3978952727983707,0.0,1.0986122886681098,2.1972245773362196,0.0,0.6931471805599453,0.0,1.3862943611198906,0.0,0.0,0.0,0.0,0.0,1.0,0.0,0.0,0.0,0.0,0.0,1.0,0,https://kubernetes.io/account,legitimate
3.295836866004329,1.6094379124341003,1.3862943611198906,1.3862943611198906,1.9459101490553132,0.0,1.0986122886681098,0.0,1.3862943611198906,0.0,0.0,0.0,0.0,0.0,1.0,0.0,0.0,0.0,0.0,0.0,0.0,0,https://www.bing.com/about,legitimate
3.4965075614664802,2.1972245773362196,1.3862943611198906,1.3862943611198906,2.1972245773362196,0.0,1.0986122886681098,0.0,1.3862943611198906,0.0,0.0,0.0,0.0,0.0,1.0,0.0,0.0,0.0,0.0,0.0,0.0,0,https://www.linkedin.com/contact,legitimate
3.332204510175204,2.302585092994046,0.0,1.3862943611198906,1.9459101490553132,0.0,0.6931471805599453,0.0,1.3862943611198906,0.0,0.0,0.0,0.0,0.0,1.0,1.0,0.0,0.0,0.0,0.0,0.0,0,https://wikipedia.org/login,legitimate
2.995732273553991,2.0794415416798357,0.0,1.3862943611198906,0.0,0.0,0.6931471805599453,0.0,1.0986122886681098,0.0,0.0,0.0,0.0,0.0,1.0,0.0,0.0,0.0,0.0,0.0,0.0,0,https://netflix.com,legitimate
3.4339872044851463,2.3978952727983707,0.0,1.3862943611198906,2.1972245773362196,0.0,0.6931471805599453,0.0,1.3862943611198906,0.0,0.0,0.0,0.0,0.0,1.0,0.0,0.0,0.0,0.0,0.0,1.0,0,https://duckduckgo.com/account,legitimate
3.2188758248682006,1.9459101490553132,0.0,1.3862943611198906,1.9459101490553132,0.0,0.6931471805599453,0.0,1.3862943611198906,0.0,0.0,0.0,0.0,0.0,1.0,1.0,0.0,0.0,0.0,0.0,0.0,0,https://python.org/login,legitimate
3.258096538021482,2.6390573296152584,0.0,1.3862943611198906,0.0,0.0,0.6931471805599453,0.0,1.0986122886681098,0.0,0.0,0.0,0.0,0.0,1.0,0.0,0.0,0.0,0.0,0.0,0.0,0,https://stackoverflow.com,legitimate
3.258096538021482,2.302585092994046,1.3862943611198906,1.3862943611198906,0.0,0.0,1.0986122886681098,0.0,1.0986122886681098,0.0,0.0,0.0,0.0,0.0,1.0,0.0,0.0,0.0,0.0,0.0,0.0,0,https://www.microsoft.com,legitimate
3.5553480614894135,1.9459101490553132,2.0794415416798357,1.3862943611198906,2.1972245773362196,0.0,1.3862943611198906,0.0,1.3862943611198906,0.0,0.0,0.0,0.0,0.0,1.0,0.0,0.0,0.0,0.0,0.0,0.0,0,https://www.aws.amazon.com/contact,legitimate
3.367295829986474,2.0794415416798357,0.0,1.3862943611198906,2.302585092994046,0.0,0.6931471805599453,0.0,1.3862943611198906,0.0,0.0,0.0,0.0,0.0,1.0,0.0,0.0,0.0,0.0,0.0,0.0,0,https://netflix.com/settings,legitimate
3.4011973816621555,1.791759469228055,1.3862943611198906,1.3862943611198906,2.1972245773362196,0.0,1.0986122886681098,0.0,1.3862943611198906,0.0,0.0,0.0,0.0,0.0,1.0,0.0,0.0,0.0,0.0,0.0,0.0,0,https://www.apple.com/contact,legitimate
2.9444389791664403,1.9459101490553132,0.0,1.3862943611198906,0.0,0.0,0.6931471805599453,0.0,1.0986122886681098,0.0,0.0,0.0,0.0,0.0,1.0,0.0,0.0,0.0,0.0,0.0,0.0,0,https://paypal.com,legitimate
3.1354942159291497,1.9459101490553132,1.3862943611198906,1.3862943611198906,0.0,0.0,1.0986122886681098,0.0,1.0986122886681098,0.0,0.0,0.0,0.0,0.0,1.0,0.0,0.0,0.0,0.0,0.0,0.0,0,https://aws.amazon.com,legitimate
3.258096538021482,1.6094379124341003,0.0,1.3862943611198906,2.302585092994046,0.0,0.6931471805599453,0.0,1.3862943611198906,0.0,0.0,0.0,0.0,0.0,1.0,0.0,0.0,0.0,0.0,0.0,0.0,0,https://ebay.com/settings,legitimate
2.8903717578961645,1.791759469228055,0.0,1.3862943611198906,0.0,0.0,0.6931471805599453,0.0,1.0986122886681098,0.0,0.0,0.0,0.0,0.0,1.0,0.0,0.0,0.0,0.0,0.0,0.0,0,https://yahoo.com,legitimate
3.367295829986474,2.1972245773362196,0.0,1.3862943611198906,2.1972245773362196,0.0,0.6931471805599453,0.0,1.3862943611198906,0.0,0.0,0.0,0.0,0.0,1.0,0.0,0.0,0.0,0.0,0.0,0.0,0,https://linkedin.com/profile,legitimate
3.4011973816621555,1.791759469228055,1.3862943611198906,1.3862943611198906,2.1972245773362196,0.0,1.0986122886681098,0.0,1.3862943611198906,0.0,0.0,0.0,0.0,0.0,1.0,0.0,0.0,0.0,0.0,0.0,0.0,0,https://www.yahoo.com/contact,legitimate
3.367295829986474,1.9459101490553132,1.3862943611198906,1.3862943611198906,1.9459101490553132,0.0,1.0986122886681098,0.0,1.3862943611198906,0.0,0.0,0.0,0.0,0.0,1.0,0.0,0.0,0.0,0.0,0.0,0.0,0,https://www.paypal.com/about,legitimate
3.295836866004329,1.9459101490553132,0.0,1.3862943611198906,2.1972245773362196,0.0,0.6931471805599453,0.0,1.3862943611198906,0.0,0.0,0.0,0.0,0.0,1.0,0.0,0.0,0.0,0.0,0.0,1.0,0,https://reddit.com/account,legitimate
2.9444389791664403,1.9459101490553132,0.0,1.3862943611198906,0.0,0.0,0.6931471805599453,0.0,1.0986122886681098,0.0,0.0,0.0,0.0,0.0,1.0,0.0,0.0,0.0,0.0,0.0,0.0,0,https://reddit.com,legitimate
3.091042453358316,2.3978952727983707,0.0,1.0986122886681098,0.0,0.0,0.6931471805599453,0.0,1.0986122886681098,0.0,0.0,0.0,0.0,0.0,1.0,0.0,0.0,0.0,0.0,0.0,0.0,0,https://kubernetes.io,legitimate
3.1354942159291497,1.9459101490553132,1.3862943611198906,1.3862943611198906,0.0,0.0,1.0986122886681098,0.0,1.0986122886681098,0.0,0.0,0.0,0.0,0.0,1.0,0.0,0.0,0.0,0.0,0.0,0.0,0,https://www.paypal.com,legitimate
3.258096538021482,2.302585092994046,1.3862943611198906,1.3862943611198906,0.0,0.0,1.0986122886681098,0.0,1.0986122886681098,0.0,0.0,0.0,0.0,0.0,1.0,0.0,0.0,0.0,0.0,0.0,0.0,0,https://www.instagram.com,legitimate
3.367295829986474,2.0794415416798357,0.0,1.3862943611198906,2.302585092994046,0.0,0.6931471805599453,0.0,1.3862943611198906,0.0,0.0,0.0,0.0,0.0,1.0,0.0,0.0,0.0,0.0,0.0,0.0,0,https://youtube.com/settings,legitimate
3.5263605246161616,2.302585092994046,1.3862943611198906,1.3862943611198906,2.1972245773362196,0.0,1.0986122886681098,0.0,1.3862943611198906,0.0,0.0,0.0,0.0,0.0,1.0,0.0,0.0,0.0,0.0,0.0,0.0,0,https://www.instagram.com/contact,legitimate
3.1354942159291497,1.6094379124341003,0.0,1.3862943611198906,1.9459101490553132,0.0,0.6931471805599453,0.0,1.3862943611198906,0.0,0.0,0.0,0.0,0.0,1.0,1.0,0.0,0.0,0.0,0.0,0.0,0,https://bing.com/login,legitimate
3.4965075614664802,1.9459101490553132,1.791759469228055,1.3862943611198906,2.1972245773362196,0.0,1.0986122886681098,0.0,1.3862943611198906,0.0,0.0,0.0,0.0,0.0,1.0,0.0,0.0,0.0,0.0,0.0,0.0,0,https://cloud.google.com/profile,legitimate
3.4011973816621555,2.0794415416798357,1.3862943611198906,1.3862943611198906,1.9459101490553132,0.0,1.0986122886681098,0.0,1.3862943611198906,0.0,0.0,0.0,0.0,0.0,1.0,0.0,0.0,0.0,0.0,0.0,0.0,0,https://www.youtube.com/about,legitimate
3.295836866004329,1.9459101490553132,0.0,1.3862943611198906,2.1972245773362196,0.0,0.6931471805599453,0.0,1.3862943611198906,0.0,0.0,0.0,0.0,0.0,1.0,0.0,0.0,0.0,0.0,0.0,0.0,0,https://python.org/profile,legitimate
3.258096538021482,2.0794415416798357,0.0,1.3862943611198906,1.9459101490553132,0.0,0.6931471805599453,0.0,1.3862943611198906,0.0,0.0,0.0,0.0,0.0,1.0,1.0,0.0,0.0,0.0,0.0,0.0,0,https://mozilla.org/login,legitimate
3.367295829986474,1.9459101490553132,1.3862943611198906,1.3862943611198906,1.9459101490553132,0.0,1.0986122886681098,0.0,1.3862943611198906,0.0,0.0,0.0,0.0,0.0,1.0,0.0,0.0,0.0,0.0,0.0,0.0,0,https://www.amazon.com/about,legitimate
3.091042453358316,2.302585092994046,0.0,1.3862943611198906,0.0,0.0,0.6931471805599453,0.0,1.0986122886681098,0.0,0.0,0.0,0.0,0.0,1.0,0.0,0.0,0.0,0.0,0.0,0.0,0,https://wikipedia.org,legitimate
3.258096538021482,1.791759469228055,0.0,1.3862943611198906,2.1972245773362196,0.0,0.6931471805599453,0.0,1.3862943611198906,0.0,0.0,0.0,0.0,0.0,1.0,0.0,0.0,0.0,0.0,0.0,1.0,0,https://npmjs.com/account,legitimate
2.833213344056216,1.6094379124341003,0.0,1.3862943611198906,0.0,0.0,0.6931471805599453,0.0,1.0986122886681098,0.0,0.0,0.0,0.0,0.0,1.0,0.0,0.0,0.0,0.0,0.0,0.0,0,https://ebay.com,legitimate
3.258096538021482,2.302585092994046,1.3862943611198906,1.3862943611198906,0.0,0.0,1.0986122886681098,0.0,1.0986122886681098,0.0,0.0,0.0,0.0,0.0,1.0,0.0,0.0,0.0,0.0,0.0,0.0,0,https://www.wikipedia.org,legitimate
3.5263605246161616,2.6390573296152584,0.0,1.3862943611198906,2.1972245773362196,0.0,0.6931471805599453,0.0,1.3862943611198906,0.0,0.0,0.0,0.0,0.0,1.0,0.0,0.0,0.0,0.0,0.0,0.0,0,https://stackoverflow.com/profile,legitimate
3.1780538303479458,2.0794415416798357,1.3862943611198906,1.3862943611198906,0.0,0.0,1.0986122886681098,0.0,1.0986122886681098,0.0,0.0,0.0,0.0,0.0,1.0,0.0,0.0,0.0,0.0,0.0,0.0,0,https://www.twitter.com,legitimate
3.2188758248682006,1.9459101490553132,0.0,1.3862943611198906,1.9459101490553132,0.0,0.6931471805599453,0.0,1.3862943611198906,0.0,0.0,0.0,0.0,0.0,1.0,1.0,0.0,0.0,0.0,0.0,0.0,0,https://reddit.com/login,legitimate
3.4011973816621555,2.1972245773362196,0.0,1.3862943611198906,2.302585092994046,0.0,0.6931471805599453,0.0,1.3862943611198906,0.0,0.0,0.0,0.0,0.0,1.0,0.0,0.0,0.0,0.0,0.0,0.0,0,https://facebook.com/settings,legitimate
3.367295829986474,2.0794415416798357,0.0,1.3862943611198906,2.302585092994046,0.0,0.6931471805599453,0.0,1.3862943611198906,0.0,0.0,0.0,0.0,0.0,1.0,0.0,0.0,0.0,0.0,0.0,0.0,0,https://twitter.com/settings,legitimate
3.1354942159291497,1.9459101490553132,1.3862943611198906,1.3862943611198906,0.0,0.0,1.0986122886681098,0.0,1.0986122886681098,0.0,0.0,0.0,0.0,0.0,1.0,0.0,0.0,0.0,0.0,0.0,0.0,0,https://www.google.com,legitimate
2.833213344056216,1.6094379124341003,0.0,1.3862943611198906,0.0,0.0,0.6931471805599453,0.0,1.0986122886681098,0.0,0.0,0.0,0.0,0.0,1.0,0.0,0.0,0.0,0.0,0.0,0.0,0,https://bing.com,legitimate
3.044522437723423,2.1972245773362196,0.0,1.3862943611198906,0.0,0.0,0.6931471805599453,0.0,1.0986122886681098,0.0,0.0,0.0,0.0,0.0,1.0,0.0,0.0,0.0,0.0,0.0,0.0,0,https://facebook.com,legitimate
3.332204510175204,1.9459101490553132,0.0,1.3862943611198906,2.302585092994046,0.0,0.6931471805599453,0.0,1.3862943611198906,0.0,0.0,0.0,0.0,0.0,1.0,0.0,0.0,0.0,0.0,0.0,0.0,0,https://reddit.com/settings,legitimate
2.995732273553991,2.0794415416798357,0.0,1.3862943611198906,0.0,0.0,0.6931471805599453,0.0,1.0986122886681098,0.0,0.0,0.0,0.0,0.0,1.0,0.0,0.0,0.0,0.0,0.0,0.0,0,https://mozilla.org,legitimate
3.332204510175204,2.0794415416798357,0.0,1.3862943611198906,2.1972245773362196,0.0,0.6931471805599453,0.0,1.3862943611198906,0.0,0.0,0.0,0.0,0.0,1.0,0.0,0.0,0.0,0.0,0.0,1.0,0,https://youtube.com/account,legitimate
3.258096538021482,2.0794415416798357,0.0,1.3862943611198906,1.9459101490553132,0.0,0.6931471805599453,0.0,1.3862943611198906,0.0,0.0,0.0,0.0,0.0,1.0,1.0,0.0,0.0,0.0,0.0,0.0,0,https://twitter.com/login,legitimate
3.1780538303479458,2.0794415416798357,1.3862943611198906,1.3862943611198906,0.0,0.0,1.0986122886681098,0.0,1.0986122886681098,0.0,0.0,0.0,0.0,0.0,1.0,0.0,0.0,0.0,0.0,0.0,0.0,0,https://www.netflix.com,legitimate
3.4339872044851463,1.9459101490553132,1.3862943611198906,1.3862943611198906,2.1972245773362196,0.0,1.0986122886681098,0.0,1.3862943611198906,0.0,0.0,0.0,0.0,0.0,1.0,0.0,0.0,0.0,0.0,0.0,0.0,0,https://www.docker.com/contact,legitimate
3.5263605246161616,2.302585092994046,1.3862943611198906,1.3862943611198906,2.1972245773362196,0.0,1.0986122886681098,0.0,1.3862943611198906,0.0,0.0,0.0,0.0,0.0,1.0,0.0,0.0,0.0,0.0,0.0,0.0,0,https://www.wikipedia.org/contact,legitimate
3.332204510175204,1.9459101490553132,0.0,1.3862943611198906,2.302585092994046,0.0,0.6931471805599453,0.0,1.3862943611198906,0.0,0.0,0.0,0.0,0.0,1.0,0.0,0.0,0.0,0.0,0.0,0.0,0,https://github.com/settings,legitimate
3.295836866004329,1.9459101490553132,0.0,1.3862943611198906,2.1972245773362196,0.0,0.6931471805599453,0.0,1.3862943611198906,0.0,0.0,0.0,0.0,0.0,1.0,0.0,0.0,0.0,0.0,0.0,0.0,0,https://amazon.com/profile,legitimate
3.4339872044851463,2.302585092994046,0.0,1.3862943611198906,2.302585092994046,0.0,0.6931471805599453,0.0,1.3862943611198906,0.0,0.0,0.0,0.0,0.0,1.0,0.0,0.0,0.0,0.0,0.0,0.0,0,https://wikipedia.org/settings,legitimate
3.4011973816621555,2.302585092994046,0.0,1.3862943611198906,2.1972245773362196,0.0,0.6931471805599453,0.0,1.3862943611198906,0.0,0.0,0.0,0.0,0.0,1.0,0.0,0.0,0.0,0.0,0.0,1.0,0,https://microsoft.com/account,legitimate
3.4339872044851463,1.9459101490553132,1.791759469228055,1.3862943611198906,1.9459101490553132,0.0,1.0986122886681098,0.0,1.3862943611198906,0.0,0.0,0.0,0.0,0.0,1.0,1.0,0.0,0.0,0.0,0.0,0.0,0,https://cloud.google.com/login,legitimate
3.1354942159291497,1.9459101490553132,1.3862943611198906,1.3862943611198906,0.0,0.0,1.0986122886681098,0.0,1.0986122886681098,0.0,0.0,0.0,0.0,0.0,1.0,0.0,0.0,0.0,0.0,0.0,0.0,0,https://www.reddit.com,legitimate
3.4339872044851463,2.3978952727983707,0.0,1.3862943611198906,2.1972245773362196,0.0,0.6931471805599453,0.0,1.3862943611198906,0.0,0.0,0.0,0.0,0.0,1.0,0.0,0.0,0.0,0.0,0.0,0.0,0,https://duckduckgo.com/profile,legitimate
3.258096538021482,1.791759469228055,0.0,1.3862943611198906,2.1972245773362196,0.0,0.6931471805599453,0.0,1.3862943611198906,0.0,0.0,0.0,0.0,0.0,1.0,0.0,0.0,0.0,0.0,0.0,0.0,0,https://apple.com/profile,legitimate
3.6375861597263857,2.302585092994046,2.302585092994046,1.3862943611198906,1.9459101490553132,0.0,1.3862943611198906,0.0,1.3862943611198906,0.0,0.0,0.0,0.0,0.0,1.0,0.0,0.0,0.0,0.0,0.0,0.0,0,https://www.azure.microsoft.com/about,legitimate
3.332204510175204,1.9459101490553132,0.0,1.3862943611198906,2.302585092994046,0.0,0.6931471805599453,0.0,1.3862943611198906,0.0,0.0,0.0,0.0,0.0,1.0,0.0,0.0,0.0,0.0,0.0,0.0,0,https://docker.com/settings,legitimate
3.4011973816621555,2.1972245773362196,0.0,1.3862943611198906,2.302585092994046,0.0,0.6931471805599453,0.0,1.3862943611198906,0.0,0.0,0.0,0.0,0.0,1.0,0.0,0.0,0.0,0.0,0.0,0.0,0,https://linkedin.com/settings,legitimate
3.332204510175204,2.302585092994046,0.0,1.3862943611198906,1.9459101490553132,0.0,0.6931471805599453,0.0,1.3862943611198906,0.0,0.0,0.0,0.0,0.0,1.0,1.0,0.0,0.0,0.0,0.0,0.0,0,https://microsoft.com/login,legitimate
3.295836866004329,1.791759469228055,0.0,1.3862943611198906,2.302585092994046,0.0,0.6931471805599453,0.0,1.3862943611198906,0.0,0.0,0.0,0.0,0.0,1.0,0.0,0.0,0.0,0.0,0.0,0.0,0,https://yahoo.com/settings,legitimate
3.4339872044851463,2.1972245773362196,1.3862943611198906,1.3862943611198906,1.9459101490553132,0.0,1.0986122886681098,0.0,1.3862943611198906,0.0,0.0,0.0,0.0,0.0,1.0,0.0,0.0,0.0,0.0,0.0,0.0,0,https://www.linkedin.com/about,legitimate
3.367295829986474,1.6094379124341003,1.3862943611198906,1.3862943611198906,2.1972245773362196,0.0,1.0986122886681098,0.0,1.3862943611198906,0.0,0.0,0.0,0.0,0.0,1.0,0.0,0.0,0.0,0.0,0.0,0.0,0,https://www.ebay.com/contact,legitimate
3.4011973816621555,2.302585092994046,0.0,1.3862943611198906,2.1972245773362196,0.0,0.6931471805599453,0.0,1.3862943611198906,0.0,0.0,0.0,0.0,0.0,1.0,0.0,0.0,0.0,0.0,0.0,1.0,0,https://wikipedia.org/account,legitimate
3.367295829986474,1.6094379124341003,1.3862943611198906,1.3862943611198906,2.1972245773362196,0.0,1.0986122886681098,0.0,1.3862943611198906,0.0,0.0,0.0,0.0,0.0,1.0,0.0,0.0,0.0,0.0,0.0,0.0,0,https://www.bing.com/contact,legitimate
3.2188758248682006,1.9459101490553132,0.0,1.3862943611198906,1.9459101490553132,0.0,0.6931471805599453,0.0,1.3862943611198906,0.0,0.0,0.0,0.0,0.0,1.0,1.0,0.0,0.0,0.0,0.0,0.0,0,https://paypal.com/login,legitimate
3.044522437723423,1.6094379124341003,1.3862943611198906,1.3862943611198906,0.0,0.0,1.0986122886681098,0.0,1.0986122886681098,0.0,0.0,0.0,0.0,0.0,1.0,0.0,0.0,0.0,0.0,0.0,0.0,0,https://www.ebay.com,legitimate
3.295836866004329,1.9459101490553132,0.0,1.3862943611198906,2.1972245773362196,0.0,0.6931471805599453,0.0,1.3862943611198906,0.0,0.0,0.0,0.0,0.0,1.0,0.0,0.0,0.0,0.0,0.0,1.0,0,https://google.com/account,legitimate
3.2188758248682006,2.1972245773362196,1.3862943611198906,1.3862943611198906,0.0,0.0,1.0986122886681098,0.0,1.0986122886681098,0.0,0.0,0.0,0.0,0.0,1.0,0.0,0.0,0.0,0.0,0.0,0.0,0,https://www.linkedin.com,legitimate
3.4657359027997265,2.302585092994046,1.3862943611198906,1.3862943611198906,1.9459101490553132,0.0,1.0986122886681098,0.0,1.3862943611198906,0.0,0.0,0.0,0.0,0.0,1.0,0.0,0.0,0.0,0.0,0.0,0.0,0,https://www.microsoft.com/about,legitimate
3.4011973816621555,1.791759469228055,1.3862943611198906,1.3862943611198906,2.1972245773362196,0.0,1.0986122886681098,0.0,1.3862943611198906,0.0,0.0,0.0,0.0,0.0,1.0,0.0,0.0,0.0,0.0,0.0,0.0,0,https://www.npmjs.com/contact,legitimate
3.295836866004329,1.9459101490553132,0.0,1.3862943611198906,2.1972245773362196,0.0,0.6931471805599453,0.0,1.3862943611198906,0.0,0.0,0.0,0.0,0.0,1.0,0.0,0.0,0.0,0.0,0.0,0.0,0,https://paypal.com/profile,legitimate
3.4011973816621555,2.302585092994046,0.0,1.3862943611198906,2.1972245773362196,0.0,0.6931471805599453,0.0,1.3862943611198906,0.0,0.0,0.0,0.0,0.0,1.0,0.0,0.0,0.0,0.0,0.0,1.0,0,https://instagram.com/account,legitimate
3.1780538303479458,2.0794415416798357,1.3862943611198906,1.3862943611198906,0.0,0.0,1.0986122886681098,0.0,1.0986122886681098,0.0,0.0,0.0,0.0,0.0,1.0,0.0,0.0,0.0,0.0,0.0,0.0,0,https://www.youtube.com,legitimate
3.1354942159291497,2.3978952727983707,0.0,1.3862943611198906,0.0,0.0,0.6931471805599453,0.0,1.0986122886681098,0.0,0.0,0.0,0.0,0.0,1.0,0.0,0.0,0.0,0.0,0.0,0.0,0,https://duckduckgo.com,legitimate
3.332204510175204,1.9459101490553132,0.0,1.3862943611198906,2.302585092994046,0.0,0.6931471805599453,0.0,1.3862943611198906,0.0,0.0,0.0,0.0,0.0,1.0,0.0,0.0,0.0,0.0,0.0,0.0,0,https://amazon.com/settings,legitimate
3.2188758248682006,1.6094379124341003,0.0,1.3862943611198906,2.1972245773362196,0.0,0.6931471805599453,0.0,1.3862943611198906,0.0,0.0,0.0,0.0,0.0,1.0,0.0,0.0,0.0,0.0,0.0,1.0,0,https://ebay.com/account,legitimate
3.2188758248682006,2.1972245773362196,1.3862943611198906,1.3862943611198906,0.0,0.0,1.0986122886681098,0.0,1.0986122886681098,0.0,0.0,0.0,0.0,0.0,1.0,0.0,0.0,0.0,0.0,0.0,0.0,0,https://www.facebook.com,legitimate
3.58351893845611,2.6390573296152584,1.3862943611198906,1.3862943611198906,1.9459101490553132,0.0,1.0986122886681098,0.0,1.3862943611198906,0.0,0.0,0.0,0.0,0.0,1.0,0.0,0.0,0.0,0.0,0.0,0.0,0,https://www.stackoverflow.com/about,legitimate
3.044522437723423,1.6094379124341003,1.3862943611198906,1.3862943611198906,0.0,0.0,1.0986122886681098,0.0,1.0986122886681098,0.0,0.0,0.0,0.0,0.0,1.0,0.0,0.0,0.0,0.0,0.0,0.0,0,https://www.bing.com,legitimate
3.4339872044851463,1.9459101490553132,1.3862943611198906,1.3862943611198906,2.1972245773362196,0.0,1.0986122886681098,0.0,1.3862943611198906,0.0,0.0,0.0,0.0,0.0,1.0,0.0,0.0,0.0,0.0,0.0,0.0,0,https://www.paypal.com/contact,legitimate
3.2188758248682006,1.9459101490553132,0.0,1.3862943611198906,1.9459101490553132,0.0,0.6931471805599453,0.0,1.3862943611198906,0.0,0.0,0.0,0.0,0.0,1.0,1.0,0.0,0.0,0.0,0.0,0.0,0,https://amazon.com/login,legitimate
3.295836866004329,1.9459101490553132,0.0,1.3862943611198906,2.1972245773362196,0.0,0.6931471805599453,0.0,1.3862943611198906,0.0,0.0,0.0,0.0,0.0,1.0,0.0,0.0,0.0,0.0,0.0,0.0,0,https://github.com/profile,legitimate
3.4965075614664802,1.9459101490553132,1.791759469228055,1.3862943611198906,2.1972245773362196,0.0,1.0986122886681098,0.0,1.3862943611198906,0.0,0.0,0.0,0.0,0.0,1.0,0.0,0.0,0.0,0.0,0.0,1.0,0,https://cloud.google.com/account,legitimate
3.258096538021482,1.791759469228055,0.0,1.3862943611198906,2.1972245773362196,0.0,0.6931471805599453,0.0,1.3862943611198906,0.0,0.0,0.0,0.0,0.0,1.0,0.0,0.0,0.0,0.0,0.0,0.0,0,https://npmjs.com/profile,legitimate
3.367295829986474,1.9459101490553132,1.3862943611198906,1.3862943611198906,1.9459101490553132,0.0,1.0986122886681098,0.0,1.3862943611198906,0.0,0.0,0.0,0.0,0.0,1.0,0.0,0.0,0.0,0.0,0.0,0.0,0,https://www.google.com/about,legitimate
3.4011973816621555,2.302585092994046,0.0,1.3862943611198906,2.1972245773362196,0.0,0.6931471805599453,0.0,1.3862943611198906,0.0,0.0,0.0,0.0,0.0,1.0,0.0,0.0,0.0,0.0,0.0,0.0,0,https://wikipedia.org/profile,legitimate
3.4965075614664802,2.3978952727983707,1.3862943611198906,1.3862943611198906,1.9459101490553132,0.0,1.0986122886681098,0.0,1.3862943611198906,0.0,0.0,0.0,0.0,0.0,1.0,0.0,0.0,0.0,0.0,0.0,0.0,0,https://www.duckduckgo.com/about,legitimate
3.6888794541139363,2.302585092994046,2.302585092994046,1.3862943611198906,2.1972245773362196,0.0,1.3862943611198906,0.0,1.3862943611198906,0.0,0.0,0.0,0.0,0.0,1.0,0.0,0.0,0.0,0.0,0.0,0.0,0,https://www.azure.microsoft.com/contact,legitimate
3.4657359027997265,2.3978952727983707,0.0,1.3862943611198906,2.302585092994046,0.0,0.6931471805599453,0.0,1.3862943611198906,0.0,0.0,0.0,0.0,0.0,1.0,0.0,0.0,0.0,0.0,0.0,0.0,0,https://duckduckgo.com/settings,legitimate
3.332204510175204,1.9459101490553132,0.0,1.3862943611198906,2.302585092994046,0.0,0.6931471805599453,0.0,1.3862943611198906,0.0,0.0,0.0,0.0,0.0,1.0,0.0,0.0,0.0,0.0,0.0,0.0,0,https://google.com/settings,legitimate
2.9444389791664403,1.9459101490553132,0.0,1.3862943611198906,0.0,0.0,0.6931471805599453,0.0,1.0986122886681098,0.0,0.0,0.0,0.0,0.0,1.0,0.0,0.0,0.0,0.0,0.0,0.0,0,https://amazon.com,legitimate
3.6109179126442243,2.302585092994046,1.791759469228055,1.3862943611198906,2.302585092994046,0.0,1.0986122886681098,0.0,1.3862943611198906,0.0,0.0,0.0,0.0,0.0,1.0,0.0,0.0,0.0,0.0,0.0,0.0,0,https://azure.microsoft.com/settings,legitimate
3.367295829986474,2.0794415416798357,0.0,1.3862943611198906,2.302585092994046,0.0,0.6931471805599453,0.0,1.3862943611198906,0.0,0.0,0.0,0.0,0.0,1.0,0.0,0.0,0.0,0.0,0.0,0.0,0,https://mozilla.org/settings,legitimate
3.091042453358316,1.791759469228055,1.3862943611198906,1.3862943611198906,0.0,0.0,1.0986122886681098,0.0,1.0986122886681098,0.0,0.0,0.0,0.0,0.0,1.0,0.0,0.0,0.0,0.0,0.0,0.0,0,https://www.npmjs.com,legitimate
3.332204510175204,2.0794415416798357,0.0,1.3862943611198906,2.1972245773362196,0.0,0.6931471805599453,0.0,1.3862943611198906,0.0,0.0,0.0,0.0,0.0,1.0,0.0,0.0,0.0,0.0,0.0,0.0,0,https://mozilla.org/profile,legitimate
3.295836866004329,1.9459101490553132,0.0,1.3862943611198906,2.1972245773362196,0.0,0.6931471805599453,0.0,1.3862943611198906,0.0,0.0,0.0,0.0,0.0,1.0,0.0,0.0,0.0,0.0,0.0,1.0,0,https://paypal.com/account,legitimate
3.295836866004329,1.9459101490553132,0.0,1.3862943611198906,2.1972245773362196,0.0,0.6931471805599453,0.0,1.3862943611198906,0.0,0.0,0.0,0.0,0.0,1.0,0.0,0.0,0.0,0.0,0.0,1.0,0,https://github.com/account,legitimate
3.4339872044851463,2.1972245773362196,1.3862943611198906,1.3862943611198906,1.9459101490553132,0.0,1.0986122886681098,0.0,1.3862943611198906,0.0,0.0,0.0,0.0,0.0,1.0,0.0,0.0,0.0,0.0,0.0,0.0,0,https://www.facebook.com/about,legitimate
3.295836866004329,1.6094379124341003,1.3862943611198906,1.3862943611198906,1.9459101490553132,0.0,1.0986122886681098,0.0,1.3862943611198906,0.0,0.0,0.0,0.0,0.0,1.0,0.0,0.0,0.0,0.0,0.0,0.0,0,https://www.ebay.com/about,legitimate
3.367295829986474,1.9459101490553132,1.3862943611198906,1.3862943611198906,1.9459101490553132,0.0,1.0986122886681098,0.0,1.3862943611198906,0.0,0.0,0.0,0.0,0.0,1.0,1.0,0.0,0.0,0.0,0.0,0.0,0,https://aws.amazon.com/login,legitimate
3.295836866004329,1.9459101490553132,0.0,1.3862943611198906,2.1972245773362196,0.0,0.6931471805599453,0.0,1.3862943611198906,0.0,0.0,0.0,0.0,0.0,1.0,0.0,0.0,0.0,0.0,0.0,1.0,0,https://docker.com/account,legitimate
2.9444389791664403,1.9459101490553132,0.0,1.3862943611198906,0.0,0.0,0.6931471805599453,0.0,1.0986122886681098,0.0,0.0,0.0,0.0,0.0,1.0,0.0,0.0,0.0,0.0,0.0,0.0,0,https://google.com,legitimate
3.4339872044851463,1.9459101490553132,1.3862943611198906,1.3862943611198906,2.1972245773362196,0.0,1.0986122886681098,0.0,1.3862943611198906,0.0,0.0,0.0,0.0,0.0,1.0,0.0,0.0,0.0,0.0,0.0,1.0,0,https://aws.amazon.com/account,legitimate
3.332204510175204,1.9459101490553132,0.0,1.3862943611198906,2.302585092994046,0.0,0.6931471805599453,0.0,1.3862943611198906,0.0,0.0,0.0,0.0,0.0,1.0,0.0,0.0,0.0,0.0,0.0,0.0,0,https://python.org/settings,legitimate
3.4011973816621555,2.0794415416798357,1.3862943611198906,1.3862943611198906,1.9459101490553132,0.0,1.0986122886681098,0.0,1.3862943611198906,0.0,0.0,0.0,0.0,0.0,1.0,0.0,0.0,0.0,0.0,0.0,0.0,0,https://www.twitter.com/about,legitimate
3.4339872044851463,1.9459101490553132,1.3862943611198906,1.3862943611198906,2.1972245773362196,0.0,1.0986122886681098,0.0,1.3862943611198906,0.0,0.0,0.0,0.0,0.0,1.0,0.0,0.0,0.0,0.0,0.0,0.0,0,https://www.python.org/contact,legitimate
2.995732273553991,2.0794415416798357,0.0,1.3862943611198906,0.0,0.0,0.6931471805599453,0.0,1.0986122886681098,0.0,0.0,0.0,0.0,0.0,1.0,0.0,0.0,0.0,0.0,0.0,0.0,0,https://twitter.com,legitimate
3.4339872044851463,2.302585092994046,0.0,1.3862943611198906,2.302585092994046,0.0,0.6931471805599453,0.0,1.3862943611198906,0.0,0.0,0.0,0.0,0.0,1.0,0.0,0.0,0.0,0.0,0.0,0.0,0,https://microsoft.com/settings,legitimate
3.258096538021482,1.6094379124341003,0.0,1.3862943611198906,2.302585092994046,0.0,0.6931471805599453,0.0,1.3862943611198906,0.0,0.0,0.0,0.0,0.0,1.0,0.0,0.0,0.0,0.0,0.0,0.0,0,https://bing.com/settings,legitimate
3.091042453358316,2.302585092994046,0.0,1.3862943611198906,0.0,0.0,0.6931471805599453,0.0,1.0986122886681098,0.0,0.0,0.0,0.0,0.0,1.0,0.0,0.0,0.0,0.0,0.0,0.0,0,https://microsoft.com,legitimate
3.2188758248682006,1.6094379124341003,0.0,1.3862943611198906,2.1972245773362196,0.0,0.6931471805599453,0.0,1.3862943611198906,0.0,0.0,0.0,0.0,0.0,1.0,0.0,0.0,0.0,0.0,0.0,0.0,0,https://ebay.com/profile,legitimate
3.6375861597263857,2.6390573296152584,1.3862943611198906,1.3862943611198906,2.1972245773362196,0.0,1.0986122886681098,0.0,1.3862943611198906,0.0,0.0,0.0,0.0,0.0,1.0,0.0,0.0,0.0,0.0,0.0,0.0,0,https://www.stackoverflow.com/contact,legitimate
3.295836866004329,1.9459101490553132,0.0,1.3862943611198906,2.1972245773362196,0.0,0.6931471805599453,0.0,1.3862943611198906,0.0,0.0,0.0,0.0,0.0,1.0,0.0,0.0,0.0,0.0,0.0,1.0,0,https://python.org/account,legitimate
3.4011973816621555,2.0794415416798357,1.3862943611198906,1.3862943611198906,1.9459101490553132,0.0,1.0986122886681098,0.0,1.3862943611198906,0.0,0.0,0.0,0.0,0.0,1.0,0.0,0.0,0.0,0.0,0.0,0.0,0,https://www.mozilla.org/about,legitimate
3.258096538021482,2.0794415416798357,0.0,1.3862943611198906,1.9459101490553132,0.0,0.6931471805599453,0.0,1.3862943611198906,0.0,0.0,0.0,0.0,0.0,1.0,1.0,0.0,0.0,0.0,0.0,0.0,0,https://youtube.com/login,legitimate
3.4339872044851463,1.9459101490553132,1.3862943611198906,1.3862943611198906,2.1972245773362196,0.0,1.0986122886681098,0.0,1.3862943611198906,0.0,0.0,0.0,0.0,0.0,1.0,0.0,0.0,0.0,0.0,0.0,0.0,0,https://www.amazon.com/contact,legitimate
3.1354942159291497,1.9459101490553132,1.3862943611198906,1.3862943611198906,0.0,0.0,1.0986122886681098,0.0,1.0986122886681098,0.0,0.0,0.0,0.0,0.0,1.0,0.0,0.0,0.0,0.0,0.0,0.0,0,https://www.docker.com,legitimate
3.5263605246161616,2.302585092994046,1.3862943611198906,1.3862943611198906,2.1972245773362196,0.0,1.0986122886681098,0.0,1.3862943611198906,0.0,0.0,0.0,0.0,0.0,1.0,0.0,0.0,0.0,0.0,0.0,0.0,0,https://www.microsoft.com/contact,legitimate
3.4657359027997265,2.302585092994046,1.3862943611198906,1.3862943611198906,1.9459101490553132,0.0,1.0986122886681098,0.0,1.3862943611198906,0.0,0.0,0.0,0.0,0.0,1.0,0.0,0.0,0.0,0.0,0.0,0.0,0,https://www.instagram.com/about,legitimate
3.1354942159291497,1.9459101490553132,1.3862943611198906,1.3862943611198906,0.0,0.0,1.0986122886681098,0.0,1.0986122886681098,0.0,0.0,0.0,0.0,0.0,1.0,0.0,0.0,0.0,0.0,0.0,0.0,0,https://www.python.org,legitimate
3.4011973816621555,2.302585092994046,0.0,1.3862943611198906,2.1972245773362196,0.0,0.6931471805599453,0.0,1.3862943611198906,0.0,0.0,0.0,0.0,0.0,1.0,0.0,0.0,0.0,0.0,0.0,0.0,0,https://microsoft.com/profile,legitimate
3.367295829986474,2.3978952727983707,0.0,1.3862943611198906,1.9459101490553132,0.0,0.6931471805599453,0.0,1.3862943611198906,0.0,0.0,0.0,0.0,0.0,1.0,1.0,0.0,0.0,0.0,0.0,0.0,0,https://duckduckgo.com/login,legitimate
3.295836866004329,1.9459101490553132,2.0794415416798357,1.3862943611198906,0.0,0.0,1.3862943611198906,0.0,1.0986122886681098,0.0,0.0,0.0,0.0,0.0,1.0,0.0,0.0,0.0,0.0,0.0,0.0,0,https://www.aws.amazon.com,legitimate
3.295836866004329,1.9459101490553132,0.0,1.3862943611198906,2.1972245773362196,0.0,0.6931471805599453,0.0,1.3862943611198906,0.0,0.0,0.0,0.0,0.0,1.0,0.0,0.0,0.0,0.0,0.0,0.0,0,https://google.com/profile,legitimate
3.258096538021482,2.0794415416798357,0.0,1.3862943611198906,1.9459101490553132,0.0,0.6931471805599453,0.0,1.3862943611198906,0.0,0.0,0.0,0.0,0.0,1.0,1.0,0.0,0.0,0.0,0.0,0.0,0,https://netflix.com/login,legitimate
3.091042453358316,1.791759469228055,1.3862943611198906,1.3862943611198906,0.0,0.0,1.0986122886681098,0.0,1.0986122886681098,0.0,0.0,0.0,0.0,0.0,1.0,0.0,0.0,0.0,0.0,0.0,0.0,0,https://www.apple.com,legitimate
3.091042453358316,1.791759469228055,1.3862943611198906,1.3862943611198906,0.0,0.0,1.0986122886681098,0.0,1.0986122886681098,0.0,0.0,0.0,0.0,0.0,1.0,0.0,0.0,0.0,0.0,0.0,0.0,0,https://www.yahoo.com,legitimate
3.4339872044851463,1.9459101490553132,1.3862943611198906,1.3862943611198906,2.1972245773362196,0.0,1.0986122886681098,0.0,1.3862943611198906,0.0,0.0,0.0,0.0,0.0,1.0,0.0,0.0,0.0,0.0,0.0,0.0,0,https://aws.amazon.com/profile,legitimate
2.8903717578961645,1.791759469228055,0.0,1.3862943611198906,0.0,0.0,0.6931471805599453,0.0,1.0986122886681098,0.0,0.0,0.0,0.0,0.0,1.0,0.0,0.0,0.0,0.0,0.0,0.0,0,https://npmjs.com,legitimate
3.332204510175204,2.302585092994046,1.791759469228055,1.3862943611198906,0.0,0.0,1.0986122886681098,0.0,1.0986122886681098,0.0,0.0,0.0,0.0,0.0,1.0,0.0,0.0,0.0,0.0,0.0,0.0,0,https://azure.microsoft.com,legitimate
3.1780538303479458,1.791759469228055,0.0,1.3862943611198906,1.9459101490553132,0.0,0.6931471805599453,0.0,1.3862943611198906,0.0,0.0,0.0,0.0,0.0,1.0,1.0,0.0,0.0,0.0,0.0,0.0,0,https://apple.com/login,legitimate
2.995732273553991,2.0794415416798357,0.0,1.3862943611198906,0.0,0.0,0.6931471805599453,0.0,1.0986122886681098,0.0,0.0,0.0,0.0,0.0,1.0,0.0,0.0,0.0,0.0,0.0,0.0,0,https://youtube.com,legitimate
3.295836866004329,1.9459101490553132,0.0,1.3862943611198906,2.1972245773362196,0.0,0.6931471805599453,0.0,1.3862943611198906,0.0,0.0,0.0,0.0,0.0,1.0,0.0,0.0,0.0,0.0,0.0,1.0,0,https://amazon.com/account,legitimate
3.4339872044851463,1.9459101490553132,1.3862943611198906,1.3862943611198906,2.1972245773362196,0.0,1.0986122886681098,0.0,1.3862943611198906,0.0,0.0,0.0,0.0,0.0,1.0,0.0,0.0,0.0,0.0,0.0,0.0,0,https://www.google.com/contact,legitimate
3.4011973816621555,2.0794415416798357,1.3862943611198906,1.3862943611198906,1.9459101490553132,0.0,1.0986122886681098,0.0,1.3862943611198906,0.0,0.0,0.0,0.0,0.0,1.0,0.0,0.0,0.0,0.0,0.0,0.0,0,https://www.netflix.com/about,legitimate
3.4011973816621555,2.302585092994046,0.0,1.3862943611198906,2.1972245773362196,0.0,0.6931471805599453,0.0,1.3862943611198906,0.0,0.0,0.0,0.0,0.0,1.0,0.0,0.0,0.0,0.0,0.0,0.0,0,https://instagram.com/profile,legitimate
3.332204510175204,2.0794415416798357,0.0,1.3862943611198906,2.1972245773362196,0.0,0.6931471805599453,0.0,1.3862943611198906,0.0,0.0,0.0,0.0,0.0,1.0,0.0,0.0,0.0,0.0,0.0,0.0,0,https://youtube.com/profile,legitimate
3.5263605246161616,2.3978952727983707,1.3862943611198906,1.0986122886681098,2.1972245773362196,0.0,1.0986122886681098,0.0,1.3862943611198906,0.0,0.0,0.0,0.0,0.0,1.0,0.0,0.0,0.0,0.0,0.0,0.0,0,https://www.kubernetes.io/contact,legitimate
3.4657359027997265,1.9459101490553132,1.3862943611198906,1.3862943611198906,2.302585092994046,0.0,1.0986122886681098,0.0,1.3862943611198906,0.0,0.0,0.0,0.0,0.0,1.0,0.0,0.0,0.0,0.0,0.0,0.0,0,https://aws.amazon.com/settings,legitimate
3.332204510175204,2.302585092994046,0.0,1.3862943611198906,1.9459101490553132,0.0,0.6931471805599453,0.0,1.3862943611198906,0.0,0.0,0.0,0.0,0.0,1.0,1.0,0.0,0.0,0.0,0.0,0.0,0,https://instagram.com/login,legitimate
2.9444389791664403,1.9459101490553132,0.0,1.3862943611198906,0.0,0.0,0.6931471805599453,0.0,1.0986122886681098,0.0,0.0,0.0,0.0,0.0,1.0,0.0,0.0,0.0,0.0,0.0,0.0,0,https://github.com,legitimate
3.1354942159291497,1.9459101490553132,1.3862943611198906,1.3862943611198906,0.0,0.0,1.0986122886681098,0.0,1.0986122886681098,0.0,0.0,0.0,0.0,0.0,1.0,0.0,0.0,0.0,0.0,0.0,0.0,0,https://www.github.com,legitimate
3.367295829986474,2.1972245773362196,0.0,1.3862943611198906,2.1972245773362196,0.0,0.6931471805599453,0.0,1.3862943611198906,0.0,0.0,0.0,0.0,0.0,1.0,0.0,0.0,0.0,0.0,0.0,0.0,0,https://facebook.com/profile,legitimate
3.332204510175204,2.3978952727983707,0.0,1.0986122886681098,1.9459101490553132,0.0,0.6931471805599453,0.0,1.3862943611198906,0.0,0.0,0.0,0.0,0.0,1.0,1.0,0.0,0.0,0.0,0.0,0.0,0,https://kubernetes.io/login,legitimate
3.258096538021482,1.791759469228055,0.0,1.3862943611198906,2.1972245773362196,0.0,0.6931471805599453,0.0,1.3862943611198906,0.0,0.0,0.0,0.0,0.0,1.0,0.0,0.0,0.0,0.0,0.0,0.0,0,https://yahoo.com/profile,legitimate
3.4657359027997265,2.6390573296152584,0.0,1.3862943611198906,1.9459101490553132,0.0,0.6931471805599453,0.0,1.3862943611198906,0.0,0.0,0.0,0.0,0.0,1.0,1.0,0.0,0.0,0.0,0.0,0.0,0,https://stackoverflow.com/login,legitimate
3.367295829986474,1.9459101490553132,1.3862943611198906,1.3862943611198906,1.9459101490553132,0.0,1.0986122886681098,0.0,1.3862943611198906,0.0,0.0,0.0,0.0,0.0,1.0,0.0,0.0,0.0,0.0,0.0,0.0,0,https://www.python.org/about,legitimate
3.044522437723423,2.1972245773362196,0.0,1.3862943611198906,0.0,0.0,0.6931471805599453,0.0,1.0986122886681098,0.0,0.0,0.0,0.0,0.0,1.0,0.0,0.0,0.0,0.0,0.0,0.0,0,https://linkedin.com,legitimate
3.258096538021482,2.3978952727983707,1.3862943611198906,1.0986122886681098,0.0,0.0,1.0986122886681098,0.0,1.0986122886681098,0.0,0.0,0.0,0.0,0.0,1.0,0.0,0.0,0.0,0.0,0.0,0.0,0,https://www.kubernetes.io,legitimate
3.332204510175204,1.791759469228055,1.3862943611198906,1.3862943611198906,1.9459101490553132,0.0,1.0986122886681098,0.0,1.3862943611198906,0.0,0.0,0.0,0.0,0.0,1.0,0.0,0.0,0.0,0.0,0.0,0.0,0,https://www.yahoo.com/about,legitimate
3.5553480614894135,1.9459101490553132,2.302585092994046,1.3862943611198906,1.9459101490553132,0.0,1.3862943611198906,0.0,1.3862943611198906,0.0,0.0,0.0,0.0,0.0,1.0,0.0,0.0,0.0,0.0,0.0,0.0,0,https://www.cloud.google.com/about,legitimate
3.4965075614664802,1.9459101490553132,2.0794415416798357,1.3862943611198906,1.9459101490553132,0.0,1.3862943611198906,0.0,1.3862943611198906,0.0,0.0,0.0,0.0,0.0,1.0,0.0,0.0,0.0,0.0,0.0,0.0,0,https://www.aws.amazon.com/about,legitimate
3.4965075614664802,2.1972245773362196,1.3862943611198906,1.3862943611198906,2.1972245773362196,0.0,1.0986122886681098,0.0,1.3862943611198906,0.0,0.0,0.0,0.0,0.0,1.0,0.0,0.0,0.0,0.0,0.0,0.0,0,https://www.facebook.com/contact,legitimate
3.332204510175204,1.791759469228055,1.3862943611198906,1.3862943611198906,1.9459101490553132,0.0,1.0986122886681098,0.0,1.3862943611198906,0.0,0.0,0.0,0.0,0.0,1.0,0.0,0.0,0.0,0.0,0.0,0.0,0,https://www.apple.com/about,legitimate
3.332204510175204,2.0794415416798357,0.0,1.3862943611198906,2.1972245773362196,0.0,0.6931471805599453,0.0,1.3862943611198906,0.0,0.0,0.0,0.0,0.0,1.0,0.0,0.0,0.0,0.0,0.0,0.0,0,https://netflix.com/profile,legitimate
3.258096538021482,1.791759469228055,0.0,1.3862943611198906,2.1972245773362196,0.0,0.6931471805599453,0.0,1.3862943611198906,0.0,0.0,0.0,0.0,0.0,1.0,0.0,0.0,0.0,0.0,0.0,1.0,0,https://apple.com/account,legitimate
3.332204510175204,1.791759469228055,1.3862943611198906,1.3862943611198906,1.9459101490553132,0.0,1.0986122886681098,0.0,1.3862943611198906,0.0,0.0,0.0,0.0,0.0,1.0,0.0,0.0,0.0,0.0,0.0,0.0,0,https://www.npmjs.com/about,legitimate
3.5263605246161616,1.9459101490553132,1.791759469228055,1.3862943611198906,2.302585092994046,0.0,1.0986122886681098,0.0,1.3862943611198906,0.0,0.0,0.0,0.0,0.0,1.0,0.0,0.0,0.0,0.0,0.0,0.0,0,https://cloud.google.com/settings,legitimate
3.1780538303479458,1.791759469228055,0.0,1.3862943611198906,1.9459101490553132,0.0,0.6931471805599453,0.0,1.3862943611198906,0.0,0.0,0.0,0.0,0.0,1.0,1.0,0.0,0.0,0.0,0.0,0.0,0,https://npmjs.com/login,legitimate
3.367295829986474,2.1972245773362196,0.0,1.3862943611198906,2.1972245773362196,0.0,0.6931471805599453,0.0,1.3862943611198906,0.0,0.0,0.0,0.0,0.0,1.0,0.0,0.0,0.0,0.0,0.0,1.0,0,https://facebook.com/account,legitimate
2.8903717578961645,1.791759469228055,0.0,1.3862943611198906,0.0,0.0,0.6931471805599453,0.0,1.0986122886681098,0.0,0.0,0.0,0.0,0.0,1.0,0.0,0.0,0.0,0.0,0.0,0.0,0,https://apple.com,legitimate
3.091042453358316,2.302585092994046,0.0,1.3862943611198906,0.0,0.0,0.6931471805599453,0.0,1.0986122886681098,0.0,0.0,0.0,0.0,0.0,1.0,0.0,0.0,0.0,0.0,0.0,0.0,0,https://instagram.com,legitimate
3.4011973816621555,2.6390573296152584,1.3862943611198906,1.3862943611198906,0.0,0.0,1.0986122886681098,0.0,1.0986122886681098,0.0,0.0,0.0,0.0,0.0,1.0,0.0,0.0,0.0,0.0,0.0,0.0,0,https://www.stackoverflow.com,legitimate
3.295836866004329,2.1972245773362196,0.0,1.3862943611198906,1.9459101490553132,0.0,0.6931471805599453,0.0,1.3862943611198906,0.0,0.0,0.0,0.0,0.0,1.0,1.0,0.0,0.0,0.0,0.0,0.0,0,https://facebook.com/login,legitimate
2.9444389791664403,1.9459101490553132,0.0,1.3862943611198906,0.0,0.0,0.6931471805599453,0.0,1.0986122886681098,0.0,0.0,0.0,0.0,0.0,1.0,0.0,0.0,0.0,0.0,0.0,0.0,0,https://python.org,legitimate
3.2188758248682006,1.9459101490553132,1.791759469228055,1.3862943611198906,0.0,0.0,1.0986122886681098,0.0,1.0986122886681098,0.0,0.0,0.0,0.0,0.0,1.0,0.0,0.0,0.0,0.0,0.0,0.0,0,https://cloud.google.com,legitimate
3.4011973816621555,2.3978952727983707,0.0,1.0986122886681098,2.1972245773362196,0.0,0.6931471805599453,0.0,1.3862943611198906,0.0,0.0,0.0,0.0,0.0,1.0,0.0,0.0,0.0,0.0,0.0,0.0,0,https://kubernetes.io/profile,legitimate
3.1780538303479458,1.791759469228055,0.0,1.3862943611198906,1.9459101490553132,0.0,0.6931471805599453,0.0,1.3862943611198906,0.0,0.0,0.0,0.0,0.0,1.0,1.0,0.0,0.0,0.0,0.0,0.0,0,https://yahoo.com/login,legitimate
3.1354942159291497,1.9459101490553132,1.3862943611198906,1.3862943611198906,0.0,0.0,1.0986122886681098,0.0,1.0986122886681098,0.0,0.0,0.0,0.0,0.0,1.0,0.0,0.0,0.0,0.0,0.0,0.0,0,https://www.amazon.com,legitimate
3.1780538303479458,2.0794415416798357,1.3862943611198906,1.3862943611198906,0.0,0.0,1.0986122886681098,0.0,1.0986122886681098,0.0,0.0,0.0,0.0,0.0,1.0,0.0,0.0,0.0,0.0,0.0,0.0,0,https://www.mozilla.org,legitimate
3.58351893845611,2.302585092994046,1.791759469228055,1.3862943611198906,2.1972245773362196,0.0,1.0986122886681098,0.0,1.3862943611198906,0.0,0.0,0.0,0.0,0.0,1.0,0.0,0.0,0.0,0.0,0.0,0.0,0,https://azure.microsoft.com/profile,legitimate
3.2188758248682006,1.9459101490553132,0.0,1.3862943611198906,1.9459101490553132,0.0,0.6931471805599453,0.0,1.3862943611198906,0.0,0.0,0.0,0.0,0.0,1.0,1.0,0.0,0.0,0.0,0.0,0.0,0,https://google.com/login,legitimate
3.295836866004329,1.791759469228055,0.0,1.3862943611198906,2.302585092994046,0.0,0.6931471805599453,0.0,1.3862943611198906,0.0,0.0,0.0,0.0,0.0,1.0,0.0,0.0,0.0,0.0,0.0,0.0,0,https://apple.com/settings,legitimate
3.295836866004329,2.3978952727983707,1.3862943611198906,1.3862943611198906,0.0,0.0,1.0986122886681098,0.0,1.0986122886681098,0.0,0.0,0.0,0.0,0.0,1.0,0.0,0.0,0.0,0.0,0.0,0.0,0,https://www.duckduckgo.com,legitimate
3.258096538021482,1.791759469228055,0.0,1.3862943611198906,2.1972245773362196,0.0,0.6931471805599453,0.0,1.3862943611198906,0.0,0.0,0.0,0.0,0.0,1.0,0.0,0.0,0.0,0.0,0.0,1.0,0,https://yahoo.com/account,legitimate
3.5553480614894135,2.3978952727983707,1.3862943611198906,1.3862943611198906,2.1972245773362196,0.0,1.0986122886681098,0.0,1.3862943611198906,0.0,0.0,0.0,0.0,0.0,1.0,0.0,0.0,0.0,0.0,0.0,0.0,0,https://www.duckduckgo.com/contact,legitimate
3.4339872044851463,1.9459101490553132,1.3862943611198906,1.3862943611198906,2.1972245773362196,0.0,1.0986122886681098,0.0,1.3862943611198906,0.0,0.0,0.0,0.0,0.0,1.0,0.0,0.0,0.0,0.0,0.0,0.0,0,https://www.reddit.com/contact,legitimate
3.295836866004329,1.9459101490553132,0.0,1.3862943611198906,2.1972245773362196,0.0,0.6931471805599453,0.0,1.3862943611198906,0.0,0.0,0.0,0.0,0.0,1.0,0.0,0.0,0.0,0.0,0.0,0.0,0,https://reddit.com/profile,legitimate
3.332204510175204,1.9459101490553132,0.0,1.3862943611198906,2.302585092994046,0.0,0.6931471805599453,0.0,1.3862943611198906,0.0,0.0,0.0,0.0,0.0,1.0,0.0,0.0,0.0,0.0,0.0,0.0,0,https://paypal.com/settings,legitimate
3.4657359027997265,2.0794415416798357,1.3862943611198906,1.3862943611198906,2.1972245773362196,0.0,1.0986122886681098,0.0,1.3862943611198906,0.0,0.0,0.0,0.0,0.0,1.0,0.0,0.0,0.0,0.0,0.0,0.0,0,https://www.youtube.com/contact,legitimate
3.58351893845611,2.302585092994046,1.791759469228055,1.3862943611198906,2.1972245773362196,0.0,1.0986122886681098,0.0,1.3862943611198906,0.0,0.0,0.0,0.0,0.0,1.0,0.0,0.0,0.0,0.0,0.0,1.0,0,https://azure.microsoft.com/account,legitimate
3.367295829986474,2.1972245773362196,0.0,1.3862943611198906,2.1972245773362196,0.0,0.6931471805599453,0.0,1.3862943611198906,0.0,0.0,0.0,0.0,0.0,1.0,0.0,0.0,0.0,0.0,0.0,1.0,0,https://linkedin.com/account,legitimate
3.1354942159291497,1.6094379124341003,0.0,1.3862943611198906,1.9459101490553132,0.0,0.6931471805599453,0.0,1.3862943611198906,0.0,0.0,0.0,0.0,0.0,1.0,1.0,0.0,0.0,0.0,0.0,0.0,0,https://ebay.com/login,legitimate
3.6109179126442243,1.9459101490553132,2.302585092994046,1.3862943611198906,2.1972245773362196,0.0,1.3862943611198906,0.0,1.3862943611198906,0.0,0.0,0.0,0.0,0.0,1.0,0.0,0.0,0.0,0.0,0.0,0.0,0,https://www.cloud.google.com/contact,legitimate
3.5553480614894135,2.6390573296152584,0.0,1.3862943611198906,2.302585092994046,0.0,0.6931471805599453,0.0,1.3862943611198906,0.0,0.0,0.0,0.0,0.0,1.0,0.0,0.0,0.0,0.0,0.0,0.0,0,https://stackoverflow.com/settings,legitimate
3.4339872044851463,2.3978952727983707,0.0,1.0986122886681098,2.302585092994046,0.0,0.6931471805599453,0.0,1.3862943611198906,0.0,0.0,0.0,0.0,0.0,1.0,0.0,0.0,0.0,0.0,0.0,0.0,0,https://kubernetes.io/settings,legitimate
3.4657359027997265,2.0794415416798357,1.3862943611198906,1.3862943611198906,2.1972245773362196,0.0,1.0986122886681098,0.0,1.3862943611198906,0.0,0.0,0.0,0.0,0.0,1.0,0.0,0.0,0.0,0.0,0.0,0.0,0,https://www.twitter.com/contact,legitimate
3.332204510175204,2.0794415416798357,0.0,1.3862943611198906,2.1972245773362196,0.0,0.6931471805599453,0.0,1.3862943611198906,0.0,0.0,0.0,0.0,0.0,1.0,0.0,0.0,0.0,0.0,0.0,1.0,0,https://netflix.com/account,legitimate
3.367295829986474,1.9459101490553132,1.3862943611198906,1.3862943611198906,1.9459101490553132,0.0,1.0986122886681098,0.0,1.3862943611198906,0.0,0.0,0.0,0.0,0.0,1.0,0.0,0.0,0.0,0.0,0.0,0.0,0,https://www.github.com/about,legitimate
3.4339872044851463,2.302585092994046,0.0,1.3862943611198906,2.302585092994046,0.0,0.6931471805599453,0.0,1.3862943611198906,0.0,0.0,0.0,0.0,0.0,1.0,0.0,0.0,0.0,0.0,0.0,0.0,0,https://instagram.com/settings,legitimate
3.295836866004329,1.9459101490553132,0.0,1.3862943611198906,2.1972245773362196,0.0,0.6931471805599453,0.0,1.3862943611198906,0.0,0.0,0.0,0.0,0.0,1.0,0.0,0.0,0.0,0.0,0.0,0.0,0,https://docker.com/profile,legitimate
3.367295829986474,1.9459101490553132,1.3862943611198906,1.3862943611198906,1.9459101490553132,0.0,1.0986122886681098,0.0,1.3862943611198906,0.0,0.0,0.0,0.0,0.0,1.0,0.0,0.0,0.0,0.0,0.0,0.0,0,https://www.reddit.com/about,legitimate
